id	source	nativeTW	nativeHK	reviewStatus
1	头发发展以后皇后干燥干线这里公里台湾面条关系只有标准			pending native-speaker review
2	软件网络视频打印内存			pending native-speaker review
3	电离能特征值速率速度负权环菲利普斯曲线			pending native-speaker review
4	函数研究对象文件实验程序数据			pending native-speaker review
5	【公式待核对】pH 7.4 CaCO₃ H₂O DNA			pending native-speaker review
6	（本段暂无译文）[翻译失败：synthetic]			pending native-speaker review
7	学习笔记需要回听来源检查原文：			pending native-speaker review
8	DNA é $a+b$ \(x^2\) かな 한글 😀			pending native-speaker review
9	发后干里面系只准台			pending native-speaker review
10	这段公开合成文本没有课堂数据。			pending native-speaker review
